f364a2a,Gleeking-fond,"Thu, 20 Nov 2025 12:20:34 -0800",Create cnn_pred.pt,"	 1 file changed", 0 insertions(+)," 0 deletions(-)	"
6112952,Rohan Pillay,"Wed, 19 Nov 2025 16:18:58 -0800",xgboost model 3,"	 1 file changed"," 309 insertions(+)	",
bcb5e1f,Rohan Pillay,"Sun, 16 Nov 2025 11:07:38 -0800",xg boost model 2,"	 1 file changed"," 194 insertions(+)	",
4904918,Rohan Pillay,"Wed, 12 Nov 2025 17:27:30 -0800",XGBoost Model,"	 1 file changed"," 117 insertions(+)	",
6055cad,Rohan Pillay,"Wed, 12 Nov 2025 17:05:34 -0800",random forest model,"	 1 file changed"," 173 insertions(+)	",
eb24b72,Rohan Pillay,"Wed, 12 Nov 2025 17:03:23 -0800",metadata with embeddings csv,"	 1 file changed"," 5626 insertions(+)	",
de72464,Rohan Pillay,"Wed, 12 Nov 2025 16:39:54 -0800",Delete RF model.py,"	 1 file changed"," 98 deletions(-)	",
68c7d60,Rohan Pillay,"Wed, 12 Nov 2025 16:28:41 -0800",Random Forest Model,"	 1 file changed"," 98 insertions(+)	",
6774879,Alex Garcia,"Wed, 12 Nov 2025 10:24:56 -0800",Create all_with_embeddings.csv,"	 1 file changed"," 5795 insertions(+)	",
8ffa447,Alex Garcia,"Wed, 12 Nov 2025 10:22:05 -0800",Create all_embeddings.npy,"	 1 file changed", 0 insertions(+)," 0 deletions(-)	"
8b044a4,Rohan Pillay,"Wed, 5 Nov 2025 22:22:23 -0800",feature,"	 1 file changed"," 72 insertions(+)	",
606a9ce,Alex Garcia,"Wed, 5 Nov 2025 14:39:44 -0800",Create yamnet_embeddings_combined.npy,"	 1 file changed", 0 insertions(+)," 0 deletions(-)	"
c2f41e2,Rohan Pillay,"Tue, 4 Nov 2025 16:34:49 -0800",Model code,"	 1 file changed"," 50 insertions(+)	",
7958089,Alex Garcia,"Mon, 3 Nov 2025 10:06:45 -0800",Create Spotify_Data.py,"	 1 file changed"," 118 insertions(+)	",
b8e9787,Alex Garcia,"Mon, 3 Nov 2025 10:06:33 -0800",Create STA160_megadata.py,"	 1 file changed"," 140 insertions(+)	",
8393166,caprivgallo,"Sun, 26 Oct 2025 12:31:20 -0700",Add files via upload,"	 1 file changed"," 48 insertions(+)	",
73ece9f,Alex Garcia,"Sun, 26 Oct 2025 08:59:22 -0700",Create merged_final_data.csv,"	 1 file changed"," 5626 insertions(+)	",
612ac3d,Alex Garcia,"Sun, 26 Oct 2025 08:58:38 -0700",Delete Merged_audio_sy.csv,"	 1 file changed"," 5942 deletions(-)	",
8f6f5e7,Alex Garcia,"Sun, 26 Oct 2025 08:52:50 -0700",Create Merged_audio_sy.csv,"	 1 file changed"," 5942 insertions(+)	",
9f2d12a,Alex Garcia,"Thu, 23 Oct 2025 09:51:36 -0700",Create feature_extraction.py,"	 1 file changed"," 55 insertions(+)	",
05a4cf9,Alex Garcia,"Thu, 23 Oct 2025 09:48:42 -0700",Create audio_utils.py,"	 1 file changed"," 79 insertions(+)	",
c6a3969,Gleeking-fond,"Wed, 22 Oct 2025 16:35:41 -0700",Create get-pip.py,"	 1 file changed"," 26947 insertions(+)	",
13ca820,Alex Garcia,"Wed, 22 Oct 2025 16:32:46 -0700",Create SyData.csv,"	 1 file changed"," 18155 insertions(+)	",
3d78bb1,Alex Garcia,"Wed, 22 Oct 2025 16:29:55 -0700",Create STA 160 code.py,"	 1 file changed"," 166 insertions(+)	",
a1901f0,Yuxiao Tan,"Tue, 21 Oct 2025 14:28:15 -0700",Fix grammar in README.md,"	 1 file changed", 1 insertion(+)," 1 deletion(-)	"
3c04249,Yuxiao Tan,"Tue, 21 Oct 2025 14:27:51 -0700",Expand project description in README,"	 1 file changed"," 3 insertions(+)	",
46edcee,Rohan Pillay,"Tue, 21 Oct 2025 14:20:25 -0700",Create audio file cleaning.py,"	 1 file changed"," 131 insertions(+)	",
6de4bd2,Gleeking-fond,"Tue, 21 Oct 2025 14:17:55 -0700",Create Untitled-1.ipynb,"	 1 file changed"," 21 insertions(+)	",
9299c56,Yuxiao Tan,"Wed, 1 Oct 2025 16:15:41 -0700",Create test.py,"	 1 file changed"," 1 insertion(+)	",
8cf2ab2,Yuxiao Tan,"Wed, 1 Oct 2025 16:13:40 -0700",Initial commit,"	 1 file changed"," 2 insertions(+)	",
